,precision,recall,f1-score,support
0,0.7567567567567568,0.5185185185185185,0.6153846153846154,54.0
1,0.44680851063829785,0.7,0.5454545454545453,30.0
accuracy,0.5833333333333334,0.5833333333333334,0.5833333333333334,0.5833333333333334
macro avg,0.6017826336975274,0.6092592592592592,0.5804195804195804,84.0
weighted avg,0.646060954571593,0.5833333333333334,0.5904095904095904,84.0
